id,username
1349645092127178752,mediavenir
1348717876644077575,mediavenir
1348662322735280128,mediavenir
1348227962739552262,mediavenir
1347877641479741445,mediavenir
1347245275077898240,mediavenir
1347243013983100929,mediavenir
1346546696528998400,mediavenir
1345415578140504070,mediavenir
1345021709607460864,mediavenir
1344987865290317829,mediavenir
1344972793432186881,mediavenir
1344731299253202945,mediavenir
1344353778921828362,mediavenir
1344248458027421696,mediavenir
1344054338487005184,mediavenir
1344013915911561216,mediavenir
1343997587318312966,mediavenir
1343580007088742401,mediavenir
1339963885772808194,mediavenir
1339267813501001729,mediavenir
1339093351807774720,mediavenir
1338953225937039361,mediavenir
1338948167174397955,mediavenir
1338871688583319554,mediavenir
1338755674424004608,mediavenir
1338729382672732161,mediavenir
1337100266169008130,mediavenir
1337096386408574977,mediavenir
1337086298427895820,mediavenir
1337085663334830080,mediavenir
1337084679338549249,mediavenir
1336802806225903618,mediavenir
1335685443581566977,mediavenir
1331918597493559297,mediavenir
1331912866618814464,mediavenir
1331880625570242560,mediavenir
1331323332675981315,mediavenir
1331321981883518987,mediavenir
1331314607563169796,mediavenir
1329694734827270144,mediavenir
1329559804117987328,mediavenir
1328844991976837120,mediavenir
1327155487754817537,mediavenir
1325715977753989120,mediavenir
1325375659573735425,mediavenir
1324484135457640450,mediavenir
1324269498577440773,mediavenir
1323940412361449474,mediavenir
1323547463425220608,mediavenir
1323532855876767744,mediavenir
1322587642303754240,mediavenir
1322549121018957830,mediavenir
1322494245249425408,mediavenir
1321726464157507585,mediavenir
1321720115096920064,mediavenir
1321563516990611456,mediavenir
1321505582294147073,mediavenir
1321217612764700672,mediavenir
1321124378801852416,mediavenir
1321117433038544897,mediavenir
1321098828695642114,mediavenir
1321027300763291648,mediavenir
1320875469961601027,mediavenir
1320779740974821376,mediavenir
1320775951710523392,mediavenir
1320748805143339008,mediavenir
1320720032700239874,mediavenir
1320632085724487680,mediavenir
1320629989277130758,mediavenir
1320366816997289987,mediavenir
1320356073325367296,mediavenir
1320140238384222208,mediavenir
1320127078759649286,mediavenir
1320077603944869888,mediavenir
1320056637219110917,mediavenir
1319996314000756736,mediavenir
1319992130291499008,mediavenir
1319792883105411073,mediavenir
1319791916150624257,mediavenir
1319687529222778883,mediavenir
1319645564879986695,mediavenir
1319548613849067520,mediavenir
1319305368183472135,mediavenir
1319302666703507458,mediavenir
1319296889578086400,mediavenir
1319294119638822914,mediavenir
1319266474125520899,mediavenir
1319238267569668102,mediavenir
1319222331483586560,mediavenir
1319220748762992640,mediavenir
1319216933162700800,mediavenir
1319027610970718211,mediavenir
1318878709848461312,mediavenir
1318832739433533440,mediavenir
1318820566573277184,mediavenir
1318650445498232834,mediavenir
1318324799966502912,mediavenir
1318098111001145344,mediavenir
1317906037840773120,mediavenir
1317894079456419840,mediavenir
1317714173976059905,mediavenir
1317569920583016448,mediavenir
1317558193715843072,mediavenir
1317554014662295554,mediavenir
1317545376027693065,mediavenir
1317541029373935616,mediavenir
1317538608321003521,mediavenir
1317537503956602883,mediavenir
1317526266485133313,mediavenir
1317523169612267520,mediavenir
1317374766450434048,mediavenir
1317365266926403588,mediavenir
1317235859800920070,mediavenir
1317224614641238016,mediavenir
1317155068173574144,mediavenir
1317152987240910857,mediavenir
1317136203741827074,mediavenir
1317108230544412675,mediavenir
1317056491606691841,mediavenir
1317000027210919937,mediavenir
1316884321060478976,mediavenir
1316845273189097472,mediavenir
1316816153126330375,mediavenir
1316815374525100033,mediavenir
1316796529500475392,mediavenir
1316775226940837888,mediavenir
1316739495132307458,mediavenir
1316720209416409089,mediavenir
1316719079831621633,mediavenir
1316718354103664642,mediavenir
1316714228020109313,mediavenir
1316713858011193344,mediavenir
1316712975760322561,mediavenir
1316712503204876289,mediavenir
1316688122592268288,mediavenir
1316663565286354945,mediavenir
1316655972388155394,mediavenir
1316635400060968960,mediavenir
1316618092978614272,mediavenir
1316487638996713473,mediavenir
1316468133784416258,mediavenir
1316461781238284288,mediavenir
1316455327471198208,mediavenir
1316453142935015424,mediavenir
1316450441610362880,mediavenir
1316449711503683584,mediavenir
1316445255114387458,mediavenir
1316444337702686720,mediavenir
1316444019275304964,mediavenir
1316443423344336898,mediavenir
1316442793846374402,mediavenir
1316442315221864449,mediavenir
1316441681810591745,mediavenir
1316440850977763330,mediavenir
1316440156757516289,mediavenir
1316439849747066880,mediavenir
1316439246522195974,mediavenir
1316414928597798913,mediavenir
1316138770073350147,mediavenir
1316090722941054978,mediavenir
1316003875384508420,mediavenir
1315722998490562560,mediavenir
1305555315694469121,mediavenir
1286965027724054529,mediavenir
1280120653941747723,mediavenir
1270068040504410114,mediavenir
1267589439661973506,mediavenir
1253237135194415105,mediavenir
1247863915016605698,mediavenir
1247178536575815685,mediavenir
1245836493261848576,mediavenir
1245682030463070214,mediavenir
1242756634486755328,mediavenir
1242563861246550027,mediavenir
1242486255398592512,mediavenir
1241763468501549057,mediavenir
1241427742341636096,mediavenir
1241424728046342146,mediavenir
1240962425169510400,mediavenir
1240935801917227009,mediavenir
1240295806319591424,mediavenir
1239320166074396679,mediavenir
1226292555916218368,mediavenir
